Date,Open,High,Low,Close,Adj Close,Volume
3/28/2014,13,14.35,11.77,13.98,13.98,9465500
3/31/2014,14.49,14.82,13.61,13.65,13.65,561000
4/1/2014,13.65,14.15,13.65,14.06,14.06,467300
4/2/2014,14.1,15.61,13.93,15.61,15.61,592100
4/3/2014,15.85,15.89,13.27,14.15,14.15,485200
4/4/2014,13.89,14.19,13,13.06,13.06,415300
4/7/2014,13.05,13.388,12.83,12.99,12.99,213600
4/8/2014,13.24,13.28,12.86,13.01,13.01,119000
4/9/2014,13.31,13.31,12.67,12.97,12.97,140500
4/10/2014,12.89,13.19,12.52,13.08,13.08,165100
4/11/2014,13.27,13.27,12.57,12.94,12.94,214000
4/14/2014,13.3,13.3,12.82,12.85,12.85,221500
4/15/2014,13.4,13.4,12,12.6,12.6,401600
4/16/2014,12.02,12.742,12.02,12.52,12.52,163800
4/17/2014,12.4,13.195,12.28,13.06,13.06,82200
4/21/2014,13.3,13.3,12.95,13.1,13.1,71800
4/22/2014,13.34,14.65,13.335,14.17,14.17,633700
4/23/2014,14.33,14.859,14.17,14.395,14.395,137000
4/24/2014,14.52,14.77,14.2,14.7,14.7,95300
4/25/2014,14.71,14.95,14.3,14.86,14.86,100100
4/28/2014,14.67,15.51,14.38,15.02,15.02,258600
4/29/2014,14.97,15.34,14.511,14.98,14.98,214800
4/30/2014,15.2,15.25,14.531,14.92,14.92,96900
5/1/2014,14.8,15.39,14.79,15.34,15.34,107300
5/2/2014,15.39,15.75,15.07,15.18,15.18,169100
5/5/2014,14.97,15.329,14.96,15.15,15.15,113300
5/6/2014,15,15.49,14.5,14.85,14.85,185300
5/7/2014,15.09,15.74,12.33,12.5,12.5,423900
5/8/2014,12.95,13.357,12.02,12.09,12.09,214900
5/9/2014,12.09,12.848,10.52,10.93,10.93,257200
5/12/2014,10.76,11.21,10.6,10.77,10.77,388200
5/13/2014,10.75,13.73,10.75,13.35,13.35,603600
5/14/2014,13.23,14.29,13,13.67,13.67,286100
5/15/2014,13.68,13.68,13.15,13.46,13.46,120800
5/16/2014,13.21,13.72,13.16,13.5,13.5,78700
5/19/2014,13.65,13.75,13.465,13.55,13.55,109900
5/20/2014,13.45,13.64,13.15,13.4,13.4,96700
5/21/2014,13.44,13.74,13.383,13.58,13.58,67800
5/22/2014,13.54,13.7,13.3,13.34,13.34,135200
5/23/2014,13.37,13.51,13.17,13.28,13.28,109700
5/27/2014,13.29,13.79,13.27,13.63,13.63,84100
5/28/2014,13.59,14.26,13.55,13.59,13.59,95500
5/29/2014,13.71,14.45,13.54,14.24,14.24,68800
5/30/2014,13.98,14.54,13.98,14.44,14.44,91600
6/2/2014,14.39,14.7,14.3,14.63,14.63,73800
6/3/2014,14.34,14.41,13.67,13.85,13.85,91600
6/4/2014,13.89,13.89,13.14,13.2,13.2,160900
6/5/2014,13.3,14,13.05,13.72,13.72,85500
6/6/2014,13.67,14.04,13.65,14.04,14.04,92300
6/9/2014,14.1,14.27,13.64,13.71,13.71,84600
6/10/2014,13.665,13.83,13.03,13.195,13.195,163600
6/11/2014,13.38,14.14,13.2,14.09,14.09,122500
6/12/2014,14.24,14.24,13.625,13.96,13.96,158700
6/13/2014,13.93,14.23,13.75,14.01,14.01,64900
6/16/2014,14,14.4,13.86,13.95,13.95,103800
6/17/2014,13.97,14.69,13.91,14.61,14.61,140600
6/18/2014,14.57,14.6,14.12,14.56,14.56,169500
6/19/2014,14.6,14.79,14.25,14.79,14.79,81800
6/20/2014,14.83,15.89,14.64,15.35,15.35,546500
6/23/2014,15.31,16.75,15.31,16.620001,16.620001,207500
6/24/2014,16.65,17.58,16.4,16.610001,16.610001,565700
6/25/2014,16.639999,16.82,16.290001,16.639999,16.639999,191800
6/26/2014,16.629999,16.84,16.32,16.459999,16.459999,219500
6/27/2014,16.459999,16.77,15.443,15.47,15.47,1493200
6/30/2014,15.7,16.91,15.25,16.809999,16.809999,230600
7/1/2014,16.950001,16.950001,15.81,16.08,16.08,128600
7/2/2014,16.02,17.33,16.02,16.65,16.65,207600
7/3/2014,16.65,17.01,16.33,16.6,16.6,59400
7/7/2014,16.610001,16.66,15.6,15.64,15.64,107600
7/8/2014,15.7,15.86,14.39,14.77,14.77,367100
7/9/2014,14.76,14.76,13.78,14.13,14.13,252500
7/10/2014,13.74,14.36,13.4,14.31,14.31,237100
7/11/2014,14.33,14.69,14.1,14.45,14.45,155500
7/14/2014,14.58,14.78,14.3,14.5,14.5,109600
7/15/2014,14.46,14.5,14.03,14.13,14.13,145300
7/16/2014,14.25,14.25,13.85,13.96,13.96,134500
7/17/2014,13.89,13.89,13.25,13.5,13.5,185400
7/18/2014,13.4,13.59,13.36,13.5,13.5,130400
7/21/2014,13.46,13.52,13.07,13.32,13.32,180600
7/22/2014,13.4,13.73,13.318,13.65,13.65,80900
7/23/2014,13.72,13.9,13.64,13.72,13.72,68100
7/24/2014,13.66,13.73,13.5,13.56,13.56,86900
7/25/2014,13.76,14.43,13.53,14.37,14.37,154500
7/28/2014,14.432,14.55,14.03,14.28,14.28,114800
7/29/2014,14.394,14.58,14.085,14.37,14.37,91100
7/30/2014,14.55,14.55,14.24,14.41,14.41,71300
7/31/2014,14.22,14.256,13.96,14.06,14.06,104700
8/1/2014,14.1,14.1,13.51,13.71,13.71,92000
8/4/2014,13.72,14.05,13.71,13.82,13.82,87300
8/5/2014,13.7,13.98,13.1,13.64,13.64,296200
8/6/2014,13.52,14.3,13.27,14.21,14.21,229700
8/7/2014,14.53,16.700001,14.09,16.540001,16.540001,703400
8/8/2014,16.6,17.174999,16.059999,17.08,17.08,156000
8/11/2014,15.94,16.870001,15.92,16.82,16.82,227700
8/12/2014,16.799999,16.799999,16.1,16.34,16.34,223100
8/13/2014,16.34,16.996,16.030001,16.809999,16.809999,113000
8/14/2014,16.84,18.459999,16.41,18.040001,18.040001,358100
8/15/2014,18.290001,18.290001,17.011,17.870001,17.870001,82700
8/18/2014,18,18.299999,17.9,18.280001,18.280001,96300
8/19/2014,18.280001,18.809999,17.91,18.57,18.57,117200
8/20/2014,18.41,19.360001,17.950001,19.209999,19.209999,131200
8/21/2014,19.33,19.469999,18.799999,19.4,19.4,99600
8/22/2014,19.41,19.719999,19.363001,19.48,19.48,101400
8/25/2014,19.690001,20.200001,19.087,19.940001,19.940001,152200
8/26/2014,20.049999,20.139999,19.16,19.5,19.5,245500
8/27/2014,19.450001,19.469999,18.74,18.75,18.75,73600
8/28/2014,18.75,19,18.43,18.559999,18.559999,63900
8/29/2014,18.620001,19,18.32,18.9,18.9,74500
9/2/2014,18.98,18.98,18.35,18.549999,18.549999,112000
9/3/2014,18.59,18.75,17.93,18.030001,18.030001,81400
9/4/2014,18.09,18.24,17.129999,17.299999,17.299999,98200
9/5/2014,17.25,17.379999,16.4,16.469999,16.469999,151500
9/8/2014,16.41,16.9,16.17,16.549999,16.549999,225900
9/9/2014,16.57,16.77,16.07,16.1,16.1,49100
9/10/2014,16.15,16.59,15.76,15.79,15.79,107400
9/11/2014,15.76,15.91,15.42,15.52,15.52,80000
9/12/2014,15.6,15.9,15.52,15.61,15.61,129600
9/15/2014,15.56,16,15.54,15.79,15.79,131800
9/16/2014,15.72,15.72,15.19,15.37,15.37,96300
9/17/2014,15.25,16.32,15.25,15.94,15.94,126800
9/18/2014,16.07,16.511,15.33,15.4,15.4,58800
9/19/2014,15.43,15.91,15.34,15.37,15.37,107900
9/22/2014,15.22,15.38,15,15.19,15.19,62200
9/23/2014,15.13,15.52,14.72,14.93,14.93,130500
9/24/2014,14.85,14.96,14.67,14.8,14.8,138800
9/25/2014,14.7,15.41,14.7,15.21,15.21,119000
9/26/2014,15.18,15.61,14.83,14.92,14.92,313100
9/29/2014,15,15.89,15,15.62,15.62,281100
9/30/2014,15.71,16.219999,15.21,15.59,15.59,299000
10/1/2014,15.53,16.200001,15.06,15.16,15.16,202500
10/2/2014,15.23,15.3,14.91,15.04,15.04,93000
10/3/2014,15.11,15.63,14.97,15.54,15.54,140700
10/6/2014,15.57,15.62,15.36,15.37,15.37,38700
10/7/2014,15.22,15.57,15.22,15.5,15.5,71100
10/8/2014,15.4,16.200001,15.398,16.16,16.16,184300
10/9/2014,16.1,16.1,15.6,16.059999,16.059999,220700
10/10/2014,16.24,16.51,15.324,15.81,15.81,157900
10/13/2014,15.84,16.01,15.32,15.64,15.64,109300
10/14/2014,15.73,16.618,15.39,16.17,16.17,99700
10/15/2014,16.030001,17.280001,15.5,17.120001,17.120001,109000
10/16/2014,16.66,18,16.5,17.870001,17.870001,178500
10/17/2014,18,18.33,17.799999,17.9,17.9,122900
10/20/2014,17.780001,18.139999,17.48,17.84,17.84,139200
10/21/2014,17.860001,18,17.799999,17.9,17.9,72800
10/22/2014,17.969999,18.190001,17.67,17.93,17.93,169600
10/23/2014,18.049999,18.209999,17.799999,17.969999,17.969999,120100
10/24/2014,18,18,17.709999,17.93,17.93,74300
10/27/2014,17.74,18,17.52,17.83,17.83,91300
10/28/2014,17.84,18.35,17.67,17.870001,17.870001,303500
10/29/2014,17.889999,18.08,17.75,17.93,17.93,107000
10/30/2014,17.92,18,17.790001,17.879999,17.879999,158400
10/31/2014,18.059999,18.51,17.820999,18.200001,18.200001,374600
11/3/2014,18.17,18.389999,17.6,17.690001,17.690001,133400
11/4/2014,17.559999,17.58,16.77,17.370001,17.370001,157000
11/5/2014,18.4,18.4,17.42,17.940001,17.940001,243600
11/6/2014,17.9,18.049999,17.75,17.870001,17.870001,165900
11/7/2014,17.9,18.08,17.809999,17.889999,17.889999,430100
11/10/2014,17.950001,18.18,17.65,17.83,17.83,192800
11/11/2014,17.83,18.059999,17.58,17.700001,17.700001,87700
11/12/2014,17.610001,17.85,17.059999,17.75,17.75,157100
11/13/2014,17.700001,18,17.629999,17.77,17.77,81700
11/14/2014,17.75,18,17.209999,17.27,17.27,143200
11/17/2014,17.209999,17.375,16.209999,16.26,16.26,131900
11/18/2014,16.299999,17.610001,16.299999,17.360001,17.360001,136900
11/19/2014,17.299999,17.639999,16.937,17.309999,17.309999,64500
11/20/2014,17.24,17.77,17.120001,17.68,17.68,178100
11/21/2014,17.860001,17.860001,17.309999,17.66,17.66,72700
11/24/2014,17.65,18.190001,17.299999,18.09,18.09,535800
11/25/2014,18.02,18.32,17.870001,18.09,18.09,716000
11/26/2014,18.02,18.25,17.84,18.120001,18.120001,231600
11/28/2014,18.07,18.16,18.01,18.08,18.08,106600
12/1/2014,18,18.245001,17.855,18.120001,18.120001,212700
12/2/2014,18.35,18.559999,18.08,18.48,18.48,336000
12/3/2014,18.52,18.76,18.309999,18.549999,18.549999,135200
12/4/2014,18.49,18.700001,18.219999,18.620001,18.620001,106000
12/5/2014,18.719999,18.719999,18.49,18.709999,18.709999,129900
12/8/2014,18.6,18.74,18.290001,18.530001,18.530001,176600
12/9/2014,18.35,18.540001,18,18.540001,18.540001,1119700
12/10/2014,18.540001,19.200001,18.26,18.43,18.43,250500
12/11/2014,18.389999,18.76,18.129999,18.379999,18.379999,170700
12/12/2014,17.959999,18.24,17.84,17.940001,17.940001,104500
12/15/2014,18,18.209999,17.66,17.889999,17.889999,255600
12/16/2014,17.91,18.15,17.77,17.860001,17.860001,105600
12/17/2014,17.85,18.209999,17.799999,18.209999,18.209999,283500
12/18/2014,18.25,19.42,18.110001,19.1,19.1,351800
12/19/2014,19.08,19.5,19.049999,19.35,19.35,350100
12/22/2014,19.08,19.870001,19.08,19.700001,19.700001,232500
12/23/2014,19.68,19.99,19.5,19.620001,19.620001,201600
12/24/2014,19.57,19.879999,19.049999,19.440001,19.440001,143900
12/26/2014,19.459999,19.629999,19.309999,19.530001,19.530001,35000
12/29/2014,19.5,20.57,19.219999,20.040001,20.040001,209600
12/30/2014,20.07,20.52,19.540001,19.58,19.58,87500
12/31/2014,19.58,19.690001,19.125,19.66,19.66,98500
1/2/2015,19.719999,19.76,18.950001,19.48,19.48,138100
1/5/2015,19.4,19.469999,18.73,18.91,18.91,221900
1/6/2015,19,19.09,18.059999,18.969999,18.969999,244700
1/7/2015,19.02,19.139999,18.299999,18.440001,18.440001,109500
1/8/2015,18.860001,19.045,17.950001,17.969999,17.969999,110200
1/9/2015,17.9,18.51,17.860001,18.450001,18.450001,105100
1/12/2015,18.389999,18.530001,18.08,18.35,18.35,307000
1/13/2015,18.43,18.57,17.799999,17.92,17.92,84200
1/14/2015,17.809999,17.809999,17.25,17.5,17.5,99600
1/15/2015,17.6,17.6,16.690001,17.440001,17.440001,179900
1/16/2015,17.4,17.82,17.1,17.809999,17.809999,97600
1/20/2015,17.889999,18.280001,17.17,18.07,18.07,244500
1/21/2015,17.99,18.25,17.549999,18.01,18.01,219000
1/22/2015,18.049999,18.290001,17.785,18.110001,18.110001,129900
1/23/2015,18.139999,18.33,17.790001,18.200001,18.200001,99700
1/26/2015,18.07,18.35,17.98,18.27,18.27,195600
1/27/2015,18,18.5,17.91,17.969999,17.969999,551100
1/28/2015,18.08,18.08,17.23,17.77,17.77,176400
1/29/2015,17.809999,18.27,17.68,17.98,17.98,133100
1/30/2015,17.85,18.4,17.719999,17.790001,17.790001,349900
2/2/2015,17.75,18.15,17.17,18.110001,18.110001,256000
2/3/2015,18.129999,18.25,17.6,17.66,17.66,211400
2/4/2015,17.629999,18.030001,17.360001,17.870001,17.870001,261600
2/5/2015,17.809999,18.209999,17.51,17.969999,17.969999,386300
2/6/2015,18,18.389999,17.75,18.200001,18.200001,345800
2/9/2015,18.15,18.75,18.15,18.309999,18.309999,577600
2/10/2015,18.530001,18.530001,18.155001,18.25,18.25,274100
2/11/2015,18.290001,18.35,17.32,17.59,17.59,173600
2/12/2015,17.65,17.73,17.32,17.49,17.49,187400
2/13/2015,17.440001,17.65,17.08,17.110001,17.110001,115700
2/17/2015,17.08,17.15,16.92,17.129999,17.129999,177400
2/18/2015,17.1,17.309999,17.07,17.200001,17.200001,48300
2/19/2015,17.16,17.709999,17.110001,17.49,17.49,120400
2/20/2015,17.540001,17.790001,17.278,17.620001,17.620001,210500
2/23/2015,17.719999,18,17.49,17.790001,17.790001,180300
2/24/2015,17.719999,17.9,17.35,17.67,17.67,90200
2/25/2015,17.860001,17.9,17.48,17.879999,17.879999,70100
2/26/2015,17.799999,18,17.51,17.870001,17.870001,400600
2/27/2015,18,18.889999,18,18.48,18.48,554300
3/2/2015,18.4,18.530001,18.15,18.18,18.18,234900
3/3/2015,17.889999,18.129999,17.27,17.860001,17.860001,433200
3/4/2015,17.57,18.02,17.290001,17.629999,17.629999,329600
3/5/2015,17.51,18.120001,17.51,17.799999,17.799999,150600
3/6/2015,17.75,17.969999,17.35,17.74,17.74,474400
3/9/2015,17.809999,18.165001,17.77,18.049999,18.049999,181300
3/10/2015,18.07,19.4,18,19.129999,19.129999,931800
3/11/2015,19.15,19.299999,18.860001,19.23,19.23,236700
3/12/2015,19.25,21.24,19.120001,21.15,21.15,1929000
3/13/2015,21,21.9,20.809999,21.459999,21.459999,375500
3/16/2015,21.5,22.35,21.200001,22.32,22.32,355000
3/17/2015,22.190001,23.129999,22.190001,22.889999,22.889999,303600
3/18/2015,22.58,23.02,22.34,23.02,23.02,185100
3/19/2015,22.83,23.18,22.17,22.290001,22.290001,430400
3/20/2015,22.08,22.85,21.41,22.5,22.5,354300
3/23/2015,22.5,22.73,22.360001,22.540001,22.540001,197900
3/24/2015,22.48,22.790001,22.355,22.65,22.65,289200
3/25/2015,22.709999,23.120001,22.290001,22.629999,22.629999,336400
3/26/2015,22.5,22.780001,22.299999,22.48,22.48,185100
3/27/2015,22.530001,22.709999,22.26,22.49,22.49,142500
3/30/2015,22.469999,24.07,22.469999,23.950001,23.950001,347700
3/31/2015,23.809999,25.77,23.809999,25.58,25.58,447800
4/1/2015,25.77,25.9,25.280001,25.52,25.52,690600
4/2/2015,25.370001,25.700001,25,25.4,25.4,325000
4/6/2015,25.25,25.299999,24.709999,25,25,221900
4/7/2015,24.91,25.5,24.76,25,25,341700
4/8/2015,25.02,25.540001,24.77,25.15,25.15,177200
4/9/2015,25.24,25.24,24.200001,24.59,24.59,198600
4/10/2015,24.51,25.120001,24.360001,25.02,25.02,151500
4/13/2015,25,25.219999,24.91,25.219999,25.219999,225500
4/14/2015,25.299999,25.299999,24.959999,25.209999,25.209999,256400
4/15/2015,25.24,25.450001,24.950001,25,25,225200
4/16/2015,24.950001,25.525,24.76,25.110001,25.110001,309500
4/17/2015,25.1,25.540001,24.870001,25.5,25.5,518300
4/20/2015,25.5,26.66,25.434999,26.559999,26.559999,553700
4/21/2015,26.639999,27.309999,26.1,26.9,26.9,279600
4/22/2015,26.940001,27.629999,26.733999,27.35,27.35,278800
4/23/2015,27.610001,28.82,27.17,28.77,28.77,324600
4/24/2015,28.68,29.07,27.83,27.860001,27.860001,372800
4/27/2015,27.92,28.4,26.75,26.879999,26.879999,162100
4/28/2015,26.940001,27.200001,26.35,26.690001,26.690001,165400
4/29/2015,26.58,26.975,26.475,26.6,26.6,110500
4/30/2015,26.48,26.66,26.360001,26.610001,26.610001,183800
5/1/2015,26.68,27.309999,26.290001,27.18,27.18,230300
5/4/2015,27.35,27.860001,26.620001,26.98,26.98,202500
5/5/2015,26.870001,27,26.24,26.41,26.41,295300
5/6/2015,26.370001,27.087,26.209999,26.51,26.51,163400
5/7/2015,26.459999,27.43,26.27,26.57,26.57,254000
5/8/2015,27.48,29.950001,26.879999,27.49,27.49,800300
5/11/2015,27.540001,28.294001,27.059999,27.75,27.75,284000
5/12/2015,27.059999,27.34,25.5,26.559999,26.559999,683300
5/13/2015,26.559999,26.6,25.82,26.17,26.17,286400
5/14/2015,26.370001,26.74,25.85,26.690001,26.690001,257700
5/15/2015,26.67,26.85,26.370001,26.83,26.83,239300
5/18/2015,26.67,26.77,26.030001,26.700001,26.700001,167400
5/19/2015,26.82,27.25,26.530001,27.139999,27.139999,381500
5/20/2015,27.209999,27.379999,26.870001,27.24,27.24,124800
5/21/2015,27.110001,27.43,26.950001,27.27,27.27,111000
5/22/2015,27.309999,27.809999,27.309999,27.67,27.67,123200
5/26/2015,27.48,27.82,27.129999,27.780001,27.780001,244400
5/27/2015,27.9,28.049999,27.275,27.82,27.82,235500
5/28/2015,27.84,27.969999,27,27.85,27.85,218500
5/29/2015,27.790001,27.85,27.51,27.76,27.76,184900
6/1/2015,27.889999,28.309999,27.629999,28.23,28.23,763800
6/2/2015,28.200001,28.610001,28,28.33,28.33,221700
6/3/2015,28.41,28.610001,28.1,28.58,28.58,327800
6/4/2015,28.49,28.9,28.309999,28.85,28.85,318800
6/5/2015,28.690001,29.33,28.370001,28.969999,28.969999,179200
6/8/2015,28.9,29.219999,28.639999,28.99,28.99,201200
6/9/2015,29,29.24,28.309999,28.75,28.75,231200
6/10/2015,28.85,29.065001,28.459999,28.77,28.77,155000
6/11/2015,28.25,28.67,27.73,28.41,28.41,309300
6/12/2015,28.379999,28.530001,27.9,28.09,28.09,125400
6/15/2015,28.110001,29.98,28,29.85,29.85,367900
6/16/2015,29.51,30,29.049999,29.799999,29.799999,283600
6/17/2015,29.92,29.99,29.4,29.629999,29.629999,161600
6/18/2015,29.809999,31.049999,29.41,30.889999,30.889999,297000
6/19/2015,30.99,31.879999,30.74,31.09,31.09,312300
6/22/2015,31.440001,31.66,30.07,30.59,30.59,238400
6/23/2015,30.66,31.02,30.24,30.709999,30.709999,152000
6/24/2015,30.4,30.67,29.41,29.84,29.84,190900
6/25/2015,30.030001,30.67,29.4,30.58,30.58,201400
6/26/2015,30.549999,33.009998,30.5,32.369999,32.369999,2506700
6/29/2015,32.119999,32.389999,31.459999,31.709999,31.709999,245000
6/30/2015,31.879999,32.27,31.24,32.189999,32.189999,393100
7/1/2015,32.290001,32.720001,30.82,30.83,30.83,204500
7/2/2015,30.620001,30.620001,29.799999,30.290001,30.290001,193300
7/6/2015,29.93,30.858,29.766001,30.719999,30.719999,216500
7/7/2015,30.67,30.77,29.200001,29.870001,29.870001,227700
7/8/2015,29.66,29.764999,29.18,29.530001,29.530001,173400
7/9/2015,29.77,30.360001,29.690001,30.299999,30.299999,103300
7/10/2015,30.42,31.639999,30.42,31.58,31.58,123900
7/13/2015,31.639999,31.959999,31.549999,31.889999,31.889999,162700
7/14/2015,31.75,32.439999,31.639999,31.99,31.99,71400
7/15/2015,32.509998,34.709999,32.099998,32.790001,32.790001,371300
7/16/2015,33.07,34.029999,32.48,33.610001,33.610001,315800
7/17/2015,33.490002,33.884998,32.689999,33.16,33.16,238300
7/20/2015,33.299999,33.720001,32.759998,33,33,180000
7/21/2015,33,33.48,32.779999,33.189999,33.189999,176400
7/22/2015,33.189999,33.720001,33.18,33.490002,33.490002,249100
7/23/2015,33.68,33.959999,33.099998,33.310001,33.310001,199600
7/24/2015,33.189999,33.830002,33.110001,33.66,33.66,249300
7/27/2015,33.549999,33.797001,32.98,33.290001,33.290001,228600
7/28/2015,33.27,33.560001,32.279999,33.150002,33.150002,174700
7/29/2015,33.09,33.09,31.459999,31.5,31.5,266500
7/30/2015,31.49,32.145,31.01,31.66,31.66,155800
7/31/2015,31.790001,32.59,31.5,32.09,32.09,250500
8/3/2015,32.02,32.130001,31.370001,31.690001,31.690001,230900
8/4/2015,31.65,33.16,31.549999,32.209999,32.209999,366000
8/5/2015,32.25,33.869999,32.23,33.82,33.82,212600
8/6/2015,33.779999,34.27,31.004999,32.049999,32.049999,555800
8/7/2015,32.360001,39.59,32.360001,38.310001,38.310001,942300
8/10/2015,38.5,38.66,37.080002,37.459999,37.459999,577500
8/11/2015,36.970001,37.830002,36.639999,36.740002,36.740002,281100
8/12/2015,36.740002,37.32,36.150002,36.830002,36.830002,878300
8/13/2015,37,37.73,36.540001,37.02,37.02,941000
8/14/2015,36.66,36.75,35.509998,36.029999,36.029999,764100
8/17/2015,36.09,36.389999,35.599998,36,36,734000
8/18/2015,36,36,34.900002,35.009998,35.009998,579400
8/19/2015,34.77,35.529999,34.669998,35.209999,35.209999,351100
8/20/2015,35,35.25,34.459999,34.66,34.66,412400
8/21/2015,34.119999,34.369999,32.679001,34.02,34.02,930700
8/24/2015,32.299999,34.5,31.219999,33.009998,33.009998,452300
8/25/2015,33.889999,34.759998,33.52,34.02,34.02,441700
8/26/2015,34.77,35,33.240002,34.59,34.59,283900
8/27/2015,35,35.34,34.689999,35.150002,35.150002,294000
8/28/2015,35,35.189999,34.400002,34.990002,34.990002,207800
8/31/2015,34.77,35.470001,34.689999,34.970001,34.970001,316600
9/1/2015,34.439999,34.674999,33.669998,33.91,33.91,353300
9/2/2015,34.189999,35.040001,33.59,34.959999,34.959999,221700
9/3/2015,35.049999,35.509998,34.360001,34.93,34.93,359100
9/4/2015,34.509998,35.099998,34.470001,34.919998,34.919998,226400
9/8/2015,35.41,36.09,35.369999,35.57,35.57,507000
9/9/2015,35.700001,36.150002,34.619999,34.82,34.82,333900
9/10/2015,34.599998,36.32,34.529999,36.119999,36.119999,505400
9/11/2015,36,36.189999,35.52,36.130001,36.130001,420100
9/14/2015,36.139999,36.369999,35.5,36.299999,36.299999,238300
9/15/2015,36.23,36.630001,35.869999,36.139999,36.139999,187200
9/16/2015,36.25,36.41,35.049999,35.939999,35.939999,433800
9/17/2015,35.990002,37.32,35.73,36.849998,36.849998,615100
9/18/2015,36.5,37.93,36.139999,37.560001,37.560001,1552800
9/21/2015,37.919998,39.560001,37.830002,39.450001,39.450001,686000
9/22/2015,39,39.689999,38.360001,38.509998,38.509998,389600
9/23/2015,38.349998,38.610001,36.630001,37.200001,37.200001,802500
9/24/2015,36.900002,36.98,34.650002,34.759998,34.759998,884100
9/25/2015,35.919998,37.490002,34.830002,35.209999,35.209999,3453600
9/28/2015,35.16,35.790001,34.821999,35.110001,35.110001,757800
9/29/2015,35.130001,36.259998,34.84,35.990002,35.990002,648600
9/30/2015,36.290001,36.5,34.810001,35.900002,35.900002,988800
10/1/2015,35.720001,35.720001,31.209999,32.200001,32.200001,1663500
10/2/2015,31.91,32.580002,30.879999,32.055,32.055,871500
10/5/2015,32.439999,32.439999,30.879999,32.02,32.02,1240800
10/6/2015,32.02,32.529999,30,30.200001,30.200001,1606500
10/7/2015,30.190001,30.32,28.049999,29.889999,29.889999,2221800
10/8/2015,29.459999,29.799999,27.940001,28.780001,28.780001,2481100
10/9/2015,28.93,29.799999,28.799999,29.219999,29.219999,1514100
10/12/2015,29.030001,29.374001,23.530001,24.040001,24.040001,8897600
10/13/2015,24.879999,26,23.299999,24.23,24.23,5494700
10/14/2015,23.93,24.48,23.299999,23.77,23.77,1447100
10/15/2015,23.620001,24.077,22.58,23.690001,23.690001,1379500
10/16/2015,25.41,25.639999,24.35,24.639999,24.639999,1513100
10/19/2015,24.389999,24.870001,23.82,24.07,24.07,558500
10/20/2015,23.9,24.35,23.43,23.950001,23.950001,678300
10/21/2015,23.99,24.190001,23.059999,23.4,23.4,891300
10/22/2015,23.4,23.870001,22.77,23.02,23.02,622300
10/23/2015,22.99,23.620001,22.620001,23.07,23.07,933400
10/26/2015,22.93,24.18,22.91,23.950001,23.950001,1397700
10/27/2015,24.629999,25.84,18.809999,21.57,21.57,4169200
10/28/2015,21.49,21.6,20.290001,20.959999,20.959999,2173000
10/29/2015,20.77,21.01,20.059999,20.84,20.84,1038600
10/30/2015,20.9,21.23,20.75,20.98,20.98,1853200
11/2/2015,20.98,21.08,19.879999,20.34,20.34,875200
11/3/2015,20.48,20.540001,20.1,20.299999,20.299999,773700
11/4/2015,20.27,20.84,20.209999,20.83,20.83,745500
11/5/2015,20.76,21.690001,20.6,21.34,21.34,1086700
11/6/2015,21.23,22.209999,21,21.92,21.92,888500
11/9/2015,22.049999,22.969999,21.950001,22.889999,22.889999,1347600
11/10/2015,22.77,25.040001,22.65,24.65,24.65,1849300
11/11/2015,24.48,24.74,23.48,24.129999,24.129999,1389100
11/12/2015,24,24.370001,22.85,22.93,22.93,736100
11/13/2015,22.77,22.77,21.608,21.690001,21.690001,947800
11/16/2015,21.629999,21.639999,20.77,21.559999,21.559999,813500
11/17/2015,21.48,22.040001,20.950001,21.23,21.23,940400
11/18/2015,21.389999,21.93,21.25,21.84,21.84,360500
11/19/2015,22.18,22.620001,21.969999,22.389999,22.389999,618400
11/20/2015,22.5,22.57,21.65,21.9,21.9,503800
11/23/2015,21.690001,22.85,21.48,22.799999,22.799999,350300
11/24/2015,22.59,23.6,22.52,23.58,23.58,325200
11/25/2015,23.49,23.929001,23.360001,23.6,23.6,272300
11/27/2015,23.6,23.635,23.219999,23.450001,23.450001,94300
11/30/2015,23.549999,24.58,22.881001,24.120001,24.120001,448900
12/1/2015,24.15,24.65,23.93,24.58,24.58,513800
12/2/2015,24.4,24.68,24,24.34,24.34,394500
12/3/2015,24.629999,24.93,23.379999,23.540001,23.540001,543500
12/4/2015,23.450001,24.200001,23.190001,24.040001,24.040001,561200
12/7/2015,24.040001,25.34,23.834999,25.219999,25.219999,463500
12/8/2015,24.92,26.639999,24.719999,26.6,26.6,679500
12/9/2015,26.6,27.02,25.870001,26.280001,26.280001,674000
12/10/2015,26.35,26.924999,25.84,26.049999,26.049999,338100
12/11/2015,25.67,26.540001,25.190001,25.549999,25.549999,343200
12/14/2015,25.76,27.870001,25.76,26.709999,26.709999,1374100
12/15/2015,26.719999,27.65,26.469999,27.6,27.6,660900
12/16/2015,27.77,28.77,27.42,28.08,28.08,698400
12/17/2015,28.209999,29,27.629999,28.35,28.35,685800
12/18/2015,28.27,29.25,27.290001,27.379999,27.379999,3723100
12/21/2015,27.610001,28.030001,27.01,27.67,27.67,412900
12/22/2015,27.610001,28.5,27.299999,27.889999,27.889999,387500
12/23/2015,27.889999,28.48,27.540001,28.110001,28.110001,356200
12/24/2015,28.219999,28.700001,28.07,28.5,28.5,202200
12/28/2015,28.51,28.6,27.540001,28.559999,28.559999,316600
12/29/2015,28.690001,29.190001,28.25,28.92,28.92,293400
12/30/2015,28.379999,29.450001,28.190001,28.280001,28.280001,362200
12/31/2015,28.129999,28.32,27.559999,27.98,27.98,294700
1/4/2016,27.209999,27.5,26.360001,27.040001,27.040001,530200
1/5/2016,26.92,27.42,26.280001,26.540001,26.540001,448800
1/6/2016,26.190001,26.530001,25.950001,26.379999,26.379999,297200
1/7/2016,25.84,26.469999,24.523001,25.23,25.23,635200
1/8/2016,25.309999,25.790001,24.219999,24.32,24.32,364500
1/11/2016,24.870001,24.870001,23.219999,23.719999,23.719999,404900
1/12/2016,23.82,24.1,22.43,23.27,23.27,1012100
1/13/2016,23.4,23.51,21.540001,21.85,21.85,619500
1/14/2016,21.99,22.58,21.049999,22.32,22.32,799400
1/15/2016,21.790001,21.860001,20.48,21.26,21.26,1000400
1/19/2016,21.549999,22.164,19.91,20.459999,20.459999,1165900
1/20/2016,20.15,20.190001,18.85,19.959999,19.959999,852700
1/21/2016,19.92,20.99,19.65,20.48,20.48,573700
1/22/2016,20.780001,21.23,20.389999,21.07,21.07,509700
1/25/2016,21.01,21.49,19.85,20.059999,20.059999,404600
1/26/2016,20.02,20.27,18.98,20.17,20.17,600300
1/27/2016,20.209999,20.26,19.530001,19.620001,19.620001,425300
1/28/2016,19.75,20.07,19.26,19.67,19.67,398100
1/29/2016,19.68,20.309999,19.559999,20.190001,20.190001,513500
2/1/2016,20.27,20.35,19.77,20.219999,20.219999,605400
2/2/2016,20,20,18.879999,19.15,19.15,455200
2/3/2016,19.32,19.34,18.1,18.799999,18.799999,600000
2/4/2016,18.85,19.379999,18.700001,19.18,19.18,559700
2/5/2016,19.200001,19.309999,17.01,17.26,17.26,1051300
2/8/2016,17.02,17.299999,16.200001,16.6,16.6,761900
2/9/2016,16.35,16.940001,15.56,15.91,15.91,747500
2/10/2016,15.97,16.32,15.03,15.58,15.58,736100
2/11/2016,15.13,15.8,14.94,15.46,15.46,491400
2/12/2016,15.62,16.01,15.37,15.97,15.97,529100
2/16/2016,16.16,17.629999,16.15,17.559999,17.559999,1076500
2/17/2016,17.6,18.85,17.559999,18.040001,18.040001,933700
2/18/2016,18.139999,18.360001,17.809999,18.01,18.01,399300
2/19/2016,17.93,18.610001,17.690001,18.280001,18.280001,317900
2/22/2016,18.35,19.110001,18.15,18.84,18.84,499800
2/23/2016,18.83,19.1,17.940001,18.219999,18.219999,510900
2/24/2016,17.969999,18.68,17.719999,18.530001,18.530001,311500
2/25/2016,18.639999,19.049999,18.41,18.9,18.9,504500
2/26/2016,20.549999,22.540001,20.110001,21.83,21.83,1773700
2/29/2016,21.76,22.92,21.76,22.35,22.35,741200
3/1/2016,22.379999,23.190001,22.02,23.049999,23.049999,785700
3/2/2016,23.120001,23.66,22.950001,23.35,23.35,427800
3/3/2016,23.75,25.15,23.51,24.48,24.48,775100
3/4/2016,24.540001,25.639999,23.59,23.83,23.83,1237800
3/7/2016,23.799999,24.110001,23.219999,23.5,23.5,527300
3/8/2016,23.35,23.639999,22.43,22.549999,22.549999,432100
3/9/2016,22.620001,22.780001,22.120001,22.52,22.52,289600
3/10/2016,22.66,23.24,22.424999,23.110001,23.110001,400300
3/11/2016,23.15,23.42,22.16,22.809999,22.809999,555600
3/14/2016,22.940001,22.955,22.16,22.48,22.48,344300
3/15/2016,22.139999,22.49,21.698,22.440001,22.440001,363000
3/16/2016,22.15,22.690001,21.91,22.440001,22.440001,404600
3/17/2016,22.459999,22.9,22.061001,22.870001,22.870001,322400
3/18/2016,22.99,23,22.309999,22.459999,22.459999,718300
3/21/2016,22.49,23.1,22.33,22.809999,22.809999,293900
3/22/2016,22.559999,23,22.25,22.4,22.4,406200
3/23/2016,22.209999,22.475,21.23,21.25,21.25,367300
3/24/2016,21.09,21.540001,20.700001,21.49,21.49,444300
3/28/2016,21.440001,21.77,21.226,21.43,21.43,311400
3/29/2016,21.440001,23.02,21.01,22.969999,22.969999,513600
3/30/2016,23.08,23.639999,22.68,23.139999,23.139999,527900
3/31/2016,23.07,23.809999,22.49,22.6,22.6,527100
4/1/2016,22.379999,22.82,21.76,22.67,22.67,272400
4/4/2016,22.74,23.34,22.57,22.74,22.74,295700
4/5/2016,22.469999,23.35,22.200001,23.07,23.07,464300
4/6/2016,23.07,23.23,22.379999,23.120001,23.120001,240100
4/7/2016,23.02,24.290001,22.25,23.709999,23.709999,514100
4/8/2016,23.84,24.120001,23.325001,23.76,23.76,323400
4/11/2016,23.790001,23.83,23.389999,23.51,23.51,242700
4/12/2016,23.51,23.99,22.92,23.709999,23.709999,303500
4/13/2016,23.84,25.450001,23.799999,25.110001,25.110001,413000
4/14/2016,25,25.18,24.24,24.65,24.65,242300
4/15/2016,24.629999,25.23,24.379999,25.02,25.02,310500
4/18/2016,24.889999,25.59,24.85,25.42,25.42,435700
4/19/2016,25.51,26.469999,25.32,26.360001,26.360001,428700
4/20/2016,26.17,27.059999,26,26.780001,26.780001,427700
4/21/2016,26.91,27.549999,26.790001,27.280001,27.280001,417100
4/22/2016,27.299999,28.469999,27.299999,27.75,27.75,384700
4/25/2016,27.620001,28.299999,26.809999,27.110001,27.110001,503800
4/26/2016,27.17,27.565001,26.92,27.309999,27.309999,306800
4/27/2016,27.25,27.52,26.818001,27.32,27.32,326200
4/28/2016,27.25,28.379999,27.120001,27.82,27.82,471800
4/29/2016,27.709999,28.049999,27.370001,28.030001,28.030001,466600
5/2/2016,28.040001,29.1,27.9,28.4,28.4,682300
5/3/2016,28.15,28.25,27.4,28.16,28.16,479900
5/4/2016,27.799999,28.139999,26.58,26.969999,26.969999,693100
5/5/2016,26.889999,27.389999,26.32,26.879999,26.879999,460300
5/6/2016,27.879999,29.25,26.6,28.43,28.43,849700
5/9/2016,28.290001,28.91,28.139999,28.32,28.32,310500
5/10/2016,28.049999,28.049999,26.93,27.299999,27.299999,582300
5/11/2016,26.99,27.514999,26.57,27.5,27.5,517500
5/12/2016,27.450001,27.65,26.43,26.77,26.77,416600
5/13/2016,26.58,27.58,26.459999,26.91,26.91,271300
5/16/2016,26.68,27.514999,26.299999,27.35,27.35,405600
5/17/2016,27.379999,27.559999,26.469999,26.469999,26.469999,319400
5/18/2016,26.42,27.379999,26.25,27.280001,27.280001,403400
5/19/2016,27.139999,27.32,26.58,26.93,26.93,399100
5/20/2016,27.07,27.32,26.495001,26.860001,26.860001,315700
5/23/2016,26.969999,27.67,26.85,27.57,27.57,327500
5/24/2016,27.629999,28,27.41,27.85,27.85,337000
5/25/2016,26.59,27.209999,26.030001,27.17,27.17,667800
5/26/2016,27.32,27.6,27.1,27.459999,27.459999,353500
5/27/2016,27.389999,27.870001,27.389999,27.85,27.85,397700
5/31/2016,27.870001,28.02,27.610001,27.84,27.84,491500
6/1/2016,27.799999,28.040001,27.6,27.969999,27.969999,367300
6/2/2016,27.799999,28.799999,27.620001,28.43,28.43,548100
6/3/2016,28.52,28.945,28.25,28.629999,28.629999,469200
6/6/2016,28.59,29.360001,28.58,29.139999,29.139999,511100
6/7/2016,29.139999,29.254999,28.879999,29.219999,29.219999,434500
6/8/2016,29.25,29.370001,28.700001,29.26,29.26,555800
6/9/2016,29.16,29.870001,29.08,29.629999,29.629999,453400
6/10/2016,29.389999,29.67,28.639999,28.940001,28.940001,385300
6/13/2016,28.77,29.105,28.52,28.6,28.6,368500
6/14/2016,28.57,28.809999,28.299999,28.450001,28.450001,370500
6/15/2016,28.52,28.674999,28.09,28.41,28.41,231300
6/16/2016,28.27,28.610001,28.059999,28.59,28.59,259900
6/17/2016,28.59,28.65,28.208,28.379999,28.379999,562800
6/20/2016,28.709999,29.77,28.625,29.26,29.26,407400
6/21/2016,29.299999,29.73,28.91,29.219999,29.219999,271700
6/22/2016,29.16,29.299999,28.889999,29.01,29.01,286600
6/23/2016,29.33,29.530001,29.049999,29.4,29.4,284500
6/24/2016,28.1,29.049999,27.802,28.690001,28.690001,1843900
6/27/2016,28.32,28.559999,27.49,27.610001,27.610001,439800
6/28/2016,27.790001,28.870001,27.790001,28.530001,28.530001,508300
6/29/2016,28.780001,29.695,28.59,29.610001,29.610001,290600
6/30/2016,29.549999,29.870001,28.969999,29.41,29.41,404200
7/1/2016,29.32,29.77,29.190001,29.530001,29.530001,477000
7/5/2016,29.27,29.75,28.950001,29,29,279600
7/6/2016,28.780001,29.780001,28.780001,29.719999,29.719999,314500
7/7/2016,29.870001,32.209999,29.870001,32.110001,32.110001,847100
7/8/2016,32.59,33.43,32.361,32.549999,32.549999,650600
7/11/2016,32.599998,32.91,32.285,32.75,32.75,531300
7/12/2016,32.959999,33.189999,32.290001,32.34,32.34,469600
7/13/2016,32.470001,32.644001,32.029999,32.419998,32.419998,330700
7/14/2016,32.439999,32.880001,32.220001,32.700001,32.700001,359600
7/15/2016,32.939999,33.490002,32.650002,32.849998,32.849998,454300
7/18/2016,32.919998,33.369999,32.700001,33.27,33.27,300400
7/19/2016,33.23,34.200001,33.139999,33.490002,33.490002,727400
7/20/2016,33.470001,33.810001,33.119999,33.790001,33.790001,458700
7/21/2016,33.720001,34.060001,33.459999,33.709999,33.709999,388600
7/22/2016,33.709999,34.52,33.709999,34.509998,34.509998,367100
7/25/2016,34.52,35,34.220001,34.889999,34.889999,316300
7/26/2016,35,35.639999,34.810001,35.419998,35.419998,371100
7/27/2016,35.25,35.580002,34.900002,35.25,35.25,528300
7/28/2016,36,36,34.68,34.849998,34.849998,394300
7/29/2016,34.970001,35.25,34.400002,34.98,34.98,298400
8/1/2016,35.209999,35.450001,34.740002,34.919998,34.919998,436500
8/2/2016,34.98,35,34.104,34.599998,34.599998,330400
8/3/2016,34.5,35.179001,34.27,34.900002,34.900002,434100
8/4/2016,35.029999,35.240002,34.720001,35.009998,35.009998,496500
8/5/2016,35.049999,35.334999,33.250999,35.259998,35.259998,827600
8/8/2016,35.41,36.360001,35.32,35.84,35.84,594900
8/9/2016,35.75,36.470001,34.48,35.150002,35.150002,873900
8/10/2016,35.169998,35.549999,34.775002,35.009998,35.009998,215900
8/11/2016,35.040001,35.404999,34.82,34.849998,34.849998,245200
8/12/2016,34.75,35.221001,34.189999,34.849998,34.849998,268200
8/15/2016,34.77,35.139999,34.119999,35.139999,35.139999,330800
8/16/2016,34.970001,35.18,34.290001,34.900002,34.900002,406200
8/17/2016,34.889999,34.889999,34.493,34.810001,34.810001,264500
8/18/2016,34.82,35.25,34.610001,35.130001,35.130001,217200
8/19/2016,35.029999,35.360001,34.560001,35.189999,35.189999,443900
8/22/2016,35.259998,35.935001,35.025002,35.669998,35.669998,429500
8/23/2016,35.73,36.259998,35.599998,35.970001,35.970001,375900
8/24/2016,35.970001,36.099998,35.470001,35.599998,35.599998,263600
8/25/2016,35.5,35.970001,35.380001,35.900002,35.900002,182000
8/26/2016,35.84,36.02,35.599998,35.93,35.93,343900
8/29/2016,35.900002,35.990002,35.299999,35.349998,35.349998,262600
8/30/2016,35.310001,35.825001,35.310001,35.450001,35.450001,252800
8/31/2016,35.450001,35.470001,35.18,35.34,35.34,194800
9/1/2016,35.34,35.759998,35.200001,35.75,35.75,329400
9/2/2016,35.939999,36.235001,35.689999,35.790001,35.790001,311500
9/6/2016,35.970001,36.169998,35.82,35.919998,35.919998,708400
9/7/2016,35.939999,36.095001,34.700001,35.52,35.52,670200
9/8/2016,35.450001,36.165001,35.32,36.080002,36.080002,373300
9/9/2016,35.93,36.07,34.099998,34.130001,34.130001,429100
9/12/2016,33.889999,34.720001,33.509998,34.700001,34.700001,291900
9/13/2016,34.389999,34.650002,33.442001,33.549999,33.549999,316600
9/14/2016,33.439999,33.889999,32.919998,32.98,32.98,338500
9/15/2016,32.990002,34.669998,32.68,34.66,34.66,550900
9/16/2016,34.650002,35.248001,34.529999,35,35,1472200
9/19/2016,35.299999,35.650002,34.959999,35.290001,35.290001,296300
9/20/2016,35.369999,35.685001,35.23,35.470001,35.470001,252700
9/21/2016,35.560001,35.98,35.509998,35.77,35.77,330600
9/22/2016,36,37.73,35.98,37.610001,37.610001,530400
9/23/2016,37.389999,37.68,37.060001,37.400002,37.400002,266900
9/26/2016,37.130001,37.48,36.580002,37.040001,37.040001,226400
9/27/2016,37.080002,37.939999,37.060001,37.919998,37.919998,309600
9/28/2016,38.040001,38.889999,38.025002,38.779999,38.779999,527400
9/29/2016,38.91,38.91,37.825001,38.27,38.27,336500
9/30/2016,38.5,38.900002,38.07,38.290001,38.290001,384200
10/3/2016,38.360001,38.490002,37.43,37.490002,37.490002,426000
10/4/2016,37.43,37.790001,35.939999,36.48,36.48,1663800
10/5/2016,36.439999,36.750999,36.169998,36.279999,36.279999,320300
10/6/2016,36.110001,36.380001,35.880001,36.189999,36.189999,264700
10/7/2016,36.310001,36.331001,35.32,35.779999,35.779999,272600
10/10/2016,35.799999,36.599998,35.799999,36.369999,36.369999,349800
10/11/2016,36.259998,36.310001,35.439999,35.470001,35.470001,204300
10/12/2016,35.529999,35.970001,35.398998,35.709999,35.709999,232500
10/13/2016,35.400002,37.950001,35.18,35.52,35.52,324100
10/14/2016,35.73,36.150002,35.66,35.915001,35.915001,220500
10/17/2016,35.689999,36.465,34.970001,35.119999,35.119999,248000
10/18/2016,35.52,35.830002,35.240002,35.470001,35.470001,211300
10/19/2016,35.400002,35.869999,35.279999,35.599998,35.599998,139800
10/20/2016,35.439999,36.040001,35.400002,35.73,35.73,294300
10/21/2016,35.389999,36.310001,35.389999,36.25,36.25,205200
10/24/2016,36.400002,36.709999,36.375,36.689999,36.689999,174600
10/25/2016,36.57,36.75,35.900002,36.25,36.25,205400
10/26/2016,36.049999,36.720001,35.740002,35.740002,35.740002,270600
10/27/2016,36.27,36.27,34.68,35.119999,35.119999,327900
10/28/2016,35.18,35.860001,34.779999,35.029999,35.029999,310400
10/31/2016,35.209999,35.23,34.470001,34.860001,34.860001,433400
11/1/2016,35.029999,35.099998,33.259998,33.669998,33.669998,451400
11/2/2016,33.5,33.68,32.130001,32.619999,32.619999,735900
11/3/2016,32.66,32.66,31.57,31.700001,31.700001,435100
11/4/2016,33.939999,35.98,32.529999,33.41,33.41,931600
11/7/2016,33.939999,34.474998,32.610001,32.849998,32.849998,355300
11/8/2016,32.849998,32.849998,31.879999,31.99,31.99,387600
11/9/2016,31.440001,32.540001,31.200001,31.99,31.99,364700
11/10/2016,32.360001,32.669998,31.282,32.580002,32.580002,429400
11/11/2016,32.599998,34.720001,32.599998,34.52,34.52,605200
11/14/2016,35.049999,35.419998,34.029999,34.630001,34.630001,358000
11/15/2016,34.419998,34.990002,34.099998,34.73,34.73,396800
11/16/2016,34.509998,35.380001,34.169998,34.919998,34.919998,243200
11/17/2016,35.139999,36.189999,35.139999,35.900002,35.900002,394200
11/18/2016,35.91,36.581001,35.369999,36.130001,36.130001,220500
11/21/2016,36.150002,36.459999,35.560001,36.419998,36.419998,273500
11/22/2016,36.169998,36.5,35.880001,35.990002,35.990002,577800
11/23/2016,35.740002,35.990002,34.880001,35.75,35.75,322300
11/25/2016,35.740002,35.84,34.82,35.369999,35.369999,178800
11/28/2016,35.380001,35.68,34.549999,35.549999,35.549999,376000
11/29/2016,35.540001,35.75,35.084999,35.349998,35.349998,578100
11/30/2016,35.41,35.419998,32.849998,33.060001,33.060001,608800
12/1/2016,33.029999,33.290001,31.49,31.870001,31.870001,890000
12/2/2016,31.99,32.18,30.780001,31.16,31.16,759700
12/5/2016,31.360001,32.43,31.07,32.150002,32.150002,558000
12/6/2016,32.310001,33.240002,31.870001,33.060001,33.060001,442100
12/7/2016,33.200001,33.695,32.5,32.52,32.52,409900
12/8/2016,32.5,33.599998,32.099998,32.900002,32.900002,814200
12/9/2016,33.25,33.965,32.453999,32.68,32.68,386500
12/12/2016,32.880001,33.119999,31.879999,32.09,32.09,315400
12/13/2016,32.290001,32.990002,32.119999,32.400002,32.400002,273000
12/14/2016,32.41,32.685001,31.809999,31.99,31.99,374700
12/15/2016,32,32.615002,31.76,31.99,31.99,378400
12/16/2016,32.080002,32.351002,31.77,32.029999,32.029999,704500
12/19/2016,32.23,33.169998,32.099998,32.669998,32.669998,395100
12/20/2016,32.889999,33.459999,31.700001,33.049999,33.049999,1035700
12/21/2016,33.110001,33.356998,31.82,32.099998,32.099998,450600
12/22/2016,32.099998,32.099998,30.360001,30.74,30.74,870300
12/23/2016,30.719999,31.52,30.469999,30.809999,30.809999,368700
12/27/2016,30.98,30.98,30.41,30.549999,30.549999,305000
12/28/2016,30.610001,31.059999,30.23,30.34,30.34,247500
12/29/2016,30.49,30.68,29.34,29.77,29.77,485000
12/30/2016,29.870001,30.620001,29.834999,30.15,30.15,305600
1/3/2017,30.290001,30.48,29.23,29.620001,29.620001,443600
1/4/2017,29.51,30.82,29.51,30.049999,30.049999,464900
1/5/2017,29.889999,30.76,29.66,30.6,30.6,311300
1/6/2017,30.84,32.189999,30.677999,32.18,32.18,532100
1/9/2017,32.220001,33.709999,32.150002,33.470001,33.470001,1773300
1/10/2017,33.389999,34.724998,33.389999,34.450001,34.450001,519100
1/11/2017,34.560001,34.91,34.27,34.599998,34.599998,296600
1/12/2017,34.459999,34.459999,33,33.990002,33.990002,370400
1/13/2017,34.099998,34.860001,34.099998,34.84,34.84,187800
1/17/2017,34.709999,34.84,33.619999,33.84,33.84,205200
1/18/2017,33.810001,33.923,33.564999,33.77,33.77,246500
1/19/2017,33.709999,33.860001,33.459999,33.639999,33.639999,296100
1/20/2017,33.610001,33.91,33.25,33.889999,33.889999,287900
1/23/2017,33.91,34.344002,33.279999,33.639999,33.639999,255900
1/24/2017,33.68,34.540001,33.5,34.400002,34.400002,306500
1/25/2017,34.689999,35.099998,34.380001,35.02,35.02,260400
1/26/2017,34.91,35.400002,34.700001,35.07,35.07,442300
1/27/2017,35.310001,35.400002,34.490002,35.029999,35.029999,222600
1/30/2017,34.84,34.939999,34.150002,34.240002,34.240002,217700
1/31/2017,34.209999,34.395,33.564999,34.040001,34.040001,198800
2/1/2017,33.939999,33.939999,32.91,33.73,33.73,351600
2/2/2017,33.509998,33.779999,32.77,33.43,33.43,246000
2/3/2017,33.73,34.330002,32.773998,34.189999,34.189999,257800
2/6/2017,33.990002,34.009998,33.224998,33.25,33.25,208900
2/7/2017,33.419998,33.599998,32.810001,33.029999,33.029999,200500
2/8/2017,32.990002,33.68,32.935001,33.290001,33.290001,287000
2/9/2017,33.43,34.400002,33.330002,34.009998,34.009998,257700
2/10/2017,34.150002,35.32,34.040001,35.299999,35.299999,224400
2/13/2017,35.549999,35.849998,34.959999,35.060001,35.060001,233100
2/14/2017,34.91,35.84,34.59,35.779999,35.779999,309200
2/15/2017,35.66,36,35.48,35.919998,35.919998,183000
2/16/2017,35.810001,35.810001,34.990002,35.470001,35.470001,230300
2/17/2017,35.509998,36.150002,35.025002,35.93,35.93,315700
2/21/2017,35.970001,36.419998,35.66,36.400002,36.400002,230500
2/22/2017,36.27,36.700001,36.169998,36.66,36.66,247000
2/23/2017,36.860001,36.860001,35.549999,36.549999,36.549999,377800
2/24/2017,35.200001,37.759998,33.900002,36.52,36.52,793400
2/27/2017,36.5,37.060001,35.82,36.43,36.43,545000
2/28/2017,36.16,37.369999,36.070999,36.549999,36.549999,732200
3/1/2017,35.139999,37.695,35.139999,37.400002,37.400002,424600
3/2/2017,37.490002,38,37.09,37.869999,37.869999,701200
3/3/2017,37.720001,37.939999,37.18,37.650002,37.650002,226300
3/6/2017,37.330002,38.042999,37.330002,37.900002,37.900002,236500
3/7/2017,37.880001,38.34,37.5,37.669998,37.669998,283100
3/8/2017,37.650002,37.919998,37.32,37.509998,37.509998,229400
3/9/2017,37.639999,38.279999,37.59,37.939999,37.939999,326400
3/10/2017,38.130001,38.630001,37.639999,38.5,38.5,233600
3/13/2017,38.560001,39.07,37.82,38.360001,38.360001,403700
3/14/2017,38.279999,38.43,37.73,38.330002,38.330002,187600
3/15/2017,38.41,38.700001,37.919998,38.41,38.41,214800
3/16/2017,38.490002,38.740002,38.25,38.529999,38.529999,178500
3/17/2017,38.400002,38.799999,38.040001,38.060001,38.060001,486300
3/20/2017,38,38.189999,37.48,37.939999,37.939999,360500
3/21/2017,38.27,38.34,36.759998,36.77,36.77,288900
3/22/2017,36.639999,36.869999,36.18,36.75,36.75,260100
3/23/2017,36.66,37.080002,36.310001,37.02,37.02,285600
3/24/2017,37.139999,37.939999,36.73,37.66,37.66,289000
3/27/2017,37.389999,37.470001,36.299999,37.389999,37.389999,326400
3/28/2017,37.259998,37.459999,36.720001,37.259998,37.259998,568700
3/29/2017,37.029999,38.650002,37,38.369999,38.369999,537400
3/30/2017,38.349998,38.759998,38.279999,38.709999,38.709999,409400
3/31/2017,38.639999,40.380001,38.575001,39.66,39.66,1049200
4/3/2017,39.939999,40.650002,39.73,40.110001,40.110001,1011600
4/4/2017,39.77,40.75,39.380001,39.689999,39.689999,683400
4/5/2017,39.650002,42.040001,39.650002,40.169998,40.169998,984000
4/6/2017,40.279999,41,39.889999,40.810001,40.810001,428200
4/7/2017,40.950001,41.799999,40.884998,41.540001,41.540001,621200
4/10/2017,41.799999,41.799999,41.169998,41.349998,41.349998,465100
4/11/2017,41.34,42.125,41.27,42.029999,42.029999,402900
4/12/2017,42.240002,42.619999,42.029999,42.259998,42.259998,1000200
4/13/2017,42.18,42.630001,41.73,41.740002,41.740002,262700
4/17/2017,41.959999,42.119999,41.259998,41.720001,41.720001,295300
4/18/2017,41.66,42.080002,41.400002,41.82,41.82,345500
4/19/2017,42,43.580002,41.849998,43.220001,43.220001,425600
4/20/2017,43.950001,44.424999,43.470001,43.650002,43.650002,610000
4/21/2017,43.810001,43.990002,43.220001,43.299999,43.299999,405200
4/24/2017,43.93,44.119999,43.419998,43.549999,43.549999,284200
4/25/2017,43.810001,44.299999,43.240002,43.639999,43.639999,541300
4/26/2017,43.619999,44.82,43.049999,44.630001,44.630001,619500
4/27/2017,44.900002,45.59,44.650002,45.099998,45.099998,498600
4/28/2017,45.290001,45.52,44.650002,45.400002,45.400002,267900
5/1/2017,45.68,46.18,45.105,46.130001,46.130001,297900
5/2/2017,46.349998,46.349998,43.060001,44.119999,44.119999,885200
5/3/2017,44.27,44.470001,43.299999,43.700001,43.700001,598700
5/4/2017,43.759998,44.669998,43.599998,44.380001,44.380001,393100
5/5/2017,45,45.240002,41.384998,42.880001,42.880001,1030800
5/8/2017,43,43.349998,41.93,42.040001,42.040001,372600
5/9/2017,41.93,42.060001,41.07,41.560001,41.560001,784900
5/10/2017,41.049999,41.994999,41.009998,41.59,41.59,483500
5/11/2017,41.16,42.029999,41.011002,41.889999,41.889999,574100
5/12/2017,41.82,42.080002,41.639999,41.810001,41.810001,256500
5/15/2017,41.900002,42.139999,41.459999,41.610001,41.610001,316600
5/16/2017,41.5,42.689999,41.02,42.669998,42.669998,626600
5/17/2017,42.16,42.5,40.619999,40.66,40.66,612500
5/18/2017,39.709999,42.459999,39.580002,42,42,596400
5/19/2017,42.189999,42.75,41.950001,41.990002,41.990002,294100
5/22/2017,42.049999,43.02,41.668999,42.990002,42.990002,341700
5/23/2017,43.09,43.150002,42.174999,42.529999,42.529999,298600
5/24/2017,42.549999,43.209999,42.240002,43.139999,43.139999,288600
5/25/2017,43.290001,43.59,42.900002,43.389999,43.389999,198200
5/26/2017,43.299999,43.880001,42.849998,43.57,43.57,213200
5/30/2017,43.57,43.970001,42.41,42.470001,42.470001,265800
5/31/2017,42.619999,42.855,41.790001,42.75,42.75,420100
6/1/2017,42.900002,44.360001,42.75,43.939999,43.939999,486800
6/2/2017,44.02,45.150002,44.02,45,45,243200
6/5/2017,45,45.400002,44.369999,44.82,44.82,237000
6/6/2017,44.529999,45.240002,44.470001,44.68,44.68,252900
6/7/2017,44.57,44.790001,43.400002,43.959999,43.959999,337300
6/8/2017,44.02,45.139999,43.709999,44.860001,44.860001,228100
6/9/2017,45.02,45.48,42.560001,44.200001,44.200001,619900
6/12/2017,44.029999,44.029999,42.029999,42.34,42.34,572800
6/13/2017,42.650002,44.150002,42.610001,43.32,43.32,428800
6/14/2017,43.57,44.93,43.16,44.709999,44.709999,455000
6/15/2017,44.16,45.040001,43.610001,44.799999,44.799999,282200
6/16/2017,44.389999,45.355,44.23,44.470001,44.470001,600800
6/19/2017,44.580002,45.619999,44.48,45.209999,45.209999,384800
6/20/2017,45.290001,45.950001,45.049999,45.299999,45.299999,190100
6/21/2017,45.43,46.52,45.43,46.349998,46.349998,330700
6/22/2017,46.34,47.439999,45.919998,47.209999,47.209999,327600
6/23/2017,47.099998,48.32,46.529999,48.200001,48.200001,1139500
6/26/2017,48.25,48.400002,47.07,47.869999,47.869999,407800
6/27/2017,47.790001,48.130001,47.110001,47.150002,47.150002,307800
6/28/2017,47.439999,48.009998,46.950001,47.419998,47.419998,257100
6/29/2017,47.389999,47.514999,45.560001,46.330002,46.330002,264400
6/30/2017,46.52,47.52,45.919998,46.919998,46.919998,344900
7/3/2017,47.299999,47.509998,46.259998,46.759998,46.759998,116800
7/5/2017,46.759998,47.299999,46.299999,46.560001,46.560001,212200
7/6/2017,46.09,46.279999,44.689999,44.939999,44.939999,245100
7/7/2017,45.23,46.369999,45.080002,46.240002,46.240002,283200
7/10/2017,46.110001,46.540001,45.672001,45.77,45.77,144700
7/11/2017,45.810001,47.07,45.810001,46.509998,46.509998,233000
7/12/2017,46.900002,47.869999,46.630001,47.240002,47.240002,189300
7/13/2017,47.23,47.279999,46.599998,47.02,47.02,208900
7/14/2017,47.029999,47.869999,47.02,47.360001,47.360001,422800
7/17/2017,47.310001,47.77,47.18,47.59,47.59,133800
7/18/2017,48.02,49.16,47.82,48.84,48.84,473600
7/19/2017,49.130001,49.830002,48.557999,49.73,49.73,288900
7/20/2017,49.849998,50.66,49.740002,50,50,307800
7/21/2017,50.330002,50.59,49.77,50.049999,50.049999,248900
7/24/2017,50.119999,50.610001,49.84,50.349998,50.349998,190000
7/25/2017,50.360001,50.564999,49.755001,50.259998,50.259998,331100
7/26/2017,50.34,51.360001,50.290001,51.310001,51.310001,182800
7/27/2017,51.560001,51.650002,50.5,51.27,51.27,512100
7/28/2017,51.110001,51.470001,49.911999,51.040001,51.040001,585900
7/31/2017,51.150002,51.830002,50.985001,51.75,51.75,243700
8/1/2017,51.900002,52.939999,51.720001,52.169998,52.169998,410400
8/2/2017,52.299999,52.299999,49.77,49.84,49.84,634300
8/3/2017,49.959999,50.470001,49.650002,50.330002,50.330002,360900
8/4/2017,50.59,50.619999,49.299999,49.540001,49.540001,362800
8/7/2017,49.57,51.029999,49.455002,50.919998,50.919998,646200
8/8/2017,52.5,52.5,46.360001,49.990002,49.990002,1450700
8/9/2017,49.759998,49.91,47.150002,47.580002,47.580002,872100
8/10/2017,47.259998,47.32,45.560001,45.970001,45.970001,720000
8/11/2017,45.5,46.775002,45.5,46.09,46.09,766200
8/14/2017,47.150002,48.259998,46.5,48.220001,48.220001,374600
8/15/2017,48.349998,48.599998,47.439999,47.77,47.77,226300
8/16/2017,47.790001,48.580002,47.490002,48.16,48.16,166900
8/17/2017,48.040001,48.610001,47.720001,47.939999,47.939999,237400
8/18/2017,47.580002,48.52,47.200001,48.290001,48.290001,322000
8/21/2017,48.130001,48.549999,47.77,48.439999,48.439999,189300
8/22/2017,48.549999,49.540001,48.450001,49.48,49.48,209500
8/23/2017,48.98,49.630001,48.924,49.16,49.16,174200
8/24/2017,49.279999,49.48,48.84,49.330002,49.330002,168400
8/25/2017,49.560001,49.560001,48.240002,48.25,48.25,190300
8/28/2017,48.450001,48.610001,47.921001,48.349998,48.349998,202100
8/29/2017,47.849998,49.290001,47.605,49.220001,49.220001,187900
8/30/2017,49.299999,50.549999,48.939999,50,50,414100
8/31/2017,50.18,50.32,49.330002,50.099998,50.099998,280700
9/1/2017,50.139999,50.244999,48.349998,49.919998,49.919998,387300
9/5/2017,49.709999,50.849998,49.575001,50.619999,50.619999,280400
9/6/2017,49.439999,50.215,47.5,49.43,49.43,856600
9/7/2017,50.259998,55.240002,49.849998,54.009998,54.009998,3260000
9/8/2017,54.349998,54.349998,53.310001,53.779999,53.779999,660100
9/11/2017,54,54.080002,53.049999,53.549999,53.549999,679000
9/12/2017,53.700001,53.740002,52.369999,52.959999,52.959999,306800
9/13/2017,52.849998,53.080002,51.98,52.799999,52.799999,360700
9/14/2017,52.779999,53.189999,52.029999,52.91,52.91,228800
9/15/2017,52.919998,53.52,52.560001,53.43,53.43,789300
9/18/2017,53.950001,54.650002,53.043999,53.970001,53.970001,453600
9/19/2017,54,54.5,53.030998,54.240002,54.240002,340700
9/20/2017,54.639999,55.009998,54.080002,54.650002,54.650002,468700
9/21/2017,54.369999,54.560001,53.886002,54.310001,54.310001,231400
9/22/2017,54.049999,55.029999,53.439999,54.93,54.93,514400
9/25/2017,54.919998,54.919998,52.779999,52.919998,52.919998,445400
9/26/2017,53.299999,53.299999,51.540001,52.549999,52.549999,358100
9/27/2017,53.009998,54.299999,52.509998,53.720001,53.720001,407800
9/28/2017,53.630001,54.73,53.234001,54.630001,54.630001,267300
9/29/2017,54.639999,56.119999,54.560001,56.040001,56.040001,365800
10/2/2017,56.009998,57.560001,55.23,56.75,56.75,664200
10/3/2017,57,57.669998,56.799999,57.349998,57.349998,392400
10/4/2017,57.5,58.310001,56.720001,58.200001,58.200001,373800
10/5/2017,58.189999,59.68,57.68,59.16,59.16,363200
10/6/2017,59.68,60.5,58.41,58.919998,58.919998,473300
10/9/2017,58.73,58.959999,57.849998,57.990002,57.990002,360900
10/10/2017,58.450001,59.200001,57.93,58.669998,58.669998,315200
10/11/2017,58.810001,60.185001,58.52,60.029999,60.029999,510700
10/12/2017,60,60.790001,59.77,60.700001,60.700001,408500
10/13/2017,60.380001,60.779999,59.759998,59.82,59.82,265700
10/16/2017,59.740002,60.18,58.860001,59.32,59.32,305900
10/17/2017,59.200001,59.84,59.169998,59.73,59.73,202400
10/18/2017,60,60.919998,59.709999,60.360001,60.360001,560500
10/19/2017,60.189999,60.610001,59.25,60.490002,60.490002,274400
10/20/2017,61.049999,61.880001,60.830002,61.849998,61.849998,330800
10/23/2017,61.759998,62.049999,61.330002,61.369999,61.369999,274900
10/24/2017,61.849998,63,61.310001,62.540001,62.540001,373700
10/25/2017,62.540001,63.150002,60.91,61.959999,61.959999,297400
10/26/2017,62.040001,62.950001,61.41,62.759998,62.759998,179300
10/27/2017,63.389999,64.120003,62.610001,62.75,62.75,647200
10/30/2017,62.689999,62.98,61.68,62.16,62.16,371000
10/31/2017,62.32,63.799999,62.290001,63.630001,63.630001,372200
11/1/2017,64.230003,64.230003,61.610001,61.779999,61.779999,321900
11/2/2017,61.880001,63.759998,61.310001,63.259998,63.259998,244200
11/3/2017,63.18,64.199997,62.57,63.889999,63.889999,265600
11/6/2017,63.919998,65.900002,63.919998,63.959999,63.959999,437000
11/7/2017,64.120003,64.339996,62.419998,62.509998,62.509998,380400
11/8/2017,61.75,65.489998,61.169998,63.650002,63.650002,1172200
11/9/2017,62.990002,64.199997,62.560001,63.450001,63.450001,437600
11/10/2017,63.099998,64.059998,62.709999,63.529999,63.529999,231100
11/13/2017,63.360001,63.744999,62.630001,63.720001,63.720001,235100
11/14/2017,63.720001,64.620003,63.330002,64.379997,64.379997,198500
11/15/2017,63.740002,64.120003,62.950001,63.200001,63.200001,346800
11/16/2017,63.669998,65.470001,63.66,64.080002,64.080002,473000
11/17/2017,63.990002,64.610001,63.5,63.669998,63.669998,150900
11/20/2017,63.75,65.269997,63.75,65.080002,65.080002,434900
11/21/2017,65.32,67.099998,65.32,66.989998,66.989998,354400
11/22/2017,66.989998,68.059998,66.480003,66.760002,66.760002,298200
11/24/2017,67.050003,69.058998,67,68.910004,68.910004,168300
11/27/2017,69.080002,69.269997,67.019997,67.290001,67.290001,330000
11/28/2017,67.489998,68.25,66.349998,67.449997,67.449997,350800
11/29/2017,67.510002,67.980003,62.5,63.98,63.98,528100
11/30/2017,64.470001,65.5,63.419998,64.099998,64.099998,461600
12/1/2017,64.050003,65.68,62.880001,64.599998,64.599998,518700
12/4/2017,65.580002,65.900002,58.549999,58.580002,58.580002,896500
12/5/2017,58.5,60.145,58.117001,58.75,58.75,917700
12/6/2017,58.529999,59.818001,57.84,58.400002,58.400002,715600
12/7/2017,58.830002,62.119999,58.830002,61.450001,61.450001,1005200
12/8/2017,62.009998,63,60.189999,60.290001,60.290001,525100
12/11/2017,60.310001,61.82,60.049999,61.799999,61.799999,341900
12/12/2017,63.700001,63.790001,62.23,62.549999,62.549999,375000
12/13/2017,62.740002,64.360001,62.669998,64.230003,64.230003,496000
12/14/2017,64.150002,64.970001,63.52,63.84,63.84,294700
12/15/2017,63.919998,65.699997,63.810001,65.510002,65.510002,1183000
12/18/2017,66.080002,67.230003,65.730003,67.209999,67.209999,376500
12/19/2017,67.349998,67.676003,66.529999,66.75,66.75,306400
12/20/2017,67,67,64.25,64.360001,64.360001,250500
12/21/2017,64.370003,64.739998,63.290001,63.549999,63.549999,378200
12/22/2017,63.450001,63.709999,62.299999,63.040001,63.040001,258900
12/26/2017,62.700001,63.764999,62.011002,63.400002,63.400002,175300
12/27/2017,63.48,64.139999,62.945,63.720001,63.720001,163200
12/28/2017,63.939999,64.739998,63.5,64.480003,64.480003,180900
12/29/2017,64.82,65.510002,64.139999,64.510002,64.510002,248400
1/2/2018,64.650002,64.650002,61.75,63.130001,63.130001,460600
1/3/2018,63.09,64.370003,63.09,63.209999,63.209999,320400
1/4/2018,63.639999,64.330002,63.599998,64.169998,64.169998,216500
1/5/2018,64.260002,64.510002,63.200001,63.700001,63.700001,247200
1/8/2018,63.450001,63.990002,62.561001,63.360001,63.360001,372900
1/9/2018,63.27,65.099998,63.169998,64.900002,64.900002,275400
1/10/2018,64.410004,65.440002,64.150002,65.419998,65.419998,235200
1/11/2018,65.519997,68.264999,65.120003,67.699997,67.699997,378500
1/12/2018,67.970001,69.470001,66.610001,69.32,69.32,391000
1/16/2018,69.760002,71.065002,68.769997,69,69,552200
1/17/2018,69.370003,69.610001,68.629997,69.470001,69.470001,429000
1/18/2018,69.599998,71.839996,69.480003,70.889999,70.889999,280900
1/19/2018,70.889999,72.650002,70.889999,72.379997,72.379997,433500
1/22/2018,72.379997,74.379997,71.879997,73.949997,73.949997,350600
1/23/2018,73.959999,75.800003,73.709999,73.760002,73.760002,338200
1/24/2018,74.290001,74.769997,72.510002,72.839996,72.839996,273800
1/25/2018,73.610001,74.43,72.230003,73.540001,73.540001,303200
1/26/2018,74.110001,75.955002,73.82,75.5,75.5,394100
1/29/2018,75.459999,75.733002,73.739998,73.82,73.82,226200
1/30/2018,73.349998,75.660004,72.730003,75.129997,75.129997,281400
1/31/2018,75.620003,76.495003,74,74.269997,74.269997,267200
2/1/2018,73.629997,74.209999,72.629997,73.529999,73.529999,323700
2/2/2018,73.080002,73.949997,72.300003,72.5,72.5,266300
2/5/2018,71.519997,72.779999,69.089996,69.099998,69.099998,522600
2/6/2018,67.230003,69.93,66.699997,69.43,69.43,517000
2/7/2018,69.379997,70.639999,68.760002,69.760002,69.760002,342800
2/8/2018,69.919998,70.859001,68.029999,68.059998,68.059998,278700
2/9/2018,68.68,70.330002,66.389999,69.139999,69.139999,347200
2/12/2018,69.449997,71.449997,68.490997,70.419998,70.419998,224400
2/13/2018,69.980003,73.279999,69.980003,72.660004,72.660004,202700
2/14/2018,71.870003,74.309998,71.75,73.739998,73.739998,423600
2/15/2018,74.620003,76.828003,73.480003,75.989998,75.989998,461900
2/16/2018,75.860001,77.250999,75.010002,75.940002,75.940002,267800
2/20/2018,75.660004,77.529999,75.660004,76.139999,76.139999,368000
2/21/2018,76.330002,79.410004,76.300003,77.419998,77.419998,719900
2/22/2018,77.940002,79.790001,77.400002,78.040001,78.040001,262900
2/23/2018,78.580002,79.209999,77.415001,79.099998,79.099998,289100
2/26/2018,79.610001,80.769997,78.720001,80.099998,80.099998,414300
2/27/2018,81.220001,86.290001,81.099998,83.529999,83.529999,1272000
2/28/2018,84.089996,86.730003,82.629997,82.779999,82.779999,564000
3/1/2018,82.699997,84.864998,81.144997,84.739998,84.739998,497000
3/2/2018,83.360001,86.010002,82.790001,85.889999,85.889999,580900
3/5/2018,85.660004,86.769997,84.199997,85.800003,85.800003,357900
3/6/2018,85.800003,87.464996,85.550003,86.800003,86.800003,586900
